"site";"year";"month";"day";"drone_model";"N_pictures";"acquiStart_yy_mm_dd";"acquiStart_hh_mm_ss";"acquiEnd_yy_mm_dd";"acquiEnd_hh_mm_ss";"totalSize_Go"
"Bouamir";2022;3;26;"DJI Mavic 2 Pro";578;"2022:03:26";"14:28:36";"2022:03:26";"16:10:06";6.78
"Bouamir";2022;4;27;"DJI Mavic 2 Pro";705;"2022:04:27";"09:42:58";"2022:04:27";"15:08:11";8.67
"Bouamir";2022;5;11;"DJI Mavic 2 Pro";780;"2022:05:11";"09:01:46";"2022:05:11";"10:58:53";9.58
"Bouamir";2022;5;25;"DJI Mavic 2 Pro";622;"2022:05:25";"12:22:16";"2022:05:25";"15:01:39";7.71
"Bouamir";2022;6;10;"DJI Mavic 2 Pro";536;"2022:06:10";"10:20:57";"2022:06:10";"12:00:55";6.34
"Bouamir";2022;6;24;"DJI Mavic 2 Pro";708;"2022:06:24";"14:27:01";"2022:06:24";"17:14:36";8.74
"Bouamir";2022;7;8;"DJI Mavic 2 Pro";606;"2022:07:08";"09:03:15";"2022:07:08";"10:37:43";5.75
"Bouamir";2022;7;23;"DJI Mavic 2 Pro";629;"2022:07:23";"09:25:21";"2022:07:23";"15:07:23";6.52
"Bouamir";2022;8;6;"DJI Mavic 2 Pro";573;"2022:08:06";"09:39:52";"2022:08:06";"11:32:14";6.19
"Bouamir";2022;8;24;"DJI Mavic 2 Pro";725;"2022:07:23";"14:27:32";"2022:08:24";"16:05:20";8.57
"Bouamir";2022;9;11;"DJI Mavic 2 Pro";558;"2022:09:11";"09:37:35";"2022:09:11";"11:10:03";6.97
"Bouamir";2022;9;25;"DJI Mavic 2 Pro";1052;"2022:09:25";"09:21:57";"2022:09:25";"11:34:47";11.01
"Bouamir";2022;10;11;"DJI Mavic 2 Pro";752;"2022:10:11";"09:06:29";"2022:10:11";"10:46:45";9.24
"Bouamir";2022;10;24;"DJI Mavic 2 Pro";731;"2022:10:24";"08:54:20";"2022:10:24";"12:12:34";9.13
"Bouamir";2022;11;5;"DJI Mavic 2 Pro";560;"2022:11:05";"14:40:56";"2022:11:05";"16:29:49";6.72
"Bouamir";2022;11;21;"DJI Mavic 2 Pro";512;"2022:11:21";"09:21:05";"2022:11:21";"11:36:16";6.3
"Bouamir";2022;12;6;"DJI Mavic 2 Pro";512;"2022:12:06";"14:14:20";"2022:12:06";"16:32:21";6.17
"Bouamir";2022;12;20;"DJI Mavic 2 Pro";762;"2022:12:20";"10:13:33";"2022:12:20";"11:49:18";9.21
"Bouamir";2023;1;5;"DJI Mavic 2 Pro";576;"2023:01:05";"09:28:47";"2023:01:05";"11:04:47";6.26
"Bouamir";2023;1;20;"DJI Mavic 2 Pro";594;"2023:01:20";"14:09:00";"2023:01:20";"15:54:22";6.89
"Bouamir";2023;2;6;"DJI Mavic 2 Pro";788;"2023:02:06";"10:11:38";"2023:02:06";"11:47:01";9.5
"Bouamir";2023;2;20;"DJI Mavic 2 Pro";791;"2023:02:20";"09:29:00";"2023:02:20";"11:15:07";8.12
"Bouamir";2023;3;5;"DJI Mavic 2 Pro";794;"2023:03:05";"14:44:30";"2023:03:05";"16:31:46";8.73
"Bouamir";2023;3;22;"DJI Mavic 2 Pro";793;"2023:03:22";"09:08:44";"2023:03:22";"11:04:24";9.43
"Bouamir";2023;4;5;"DJI Mavic 2 Pro";559;"2023:04:05";"09:06:51";"2023:04:20";"15:47:11";7.45
"Bouamir";2023;4;20;"DJI Mavic 2 Pro";552;"2023:04:20";"14:25:11";"2023:04:20";"16:03:33";6.97
"Bouamir";2023;5;6;"DJI Mavic 2 Pro";854;"2023:05:05";"11:06:45";"2023:05:06";"14:04:21";10.72
"Bouamir";2023;5;30;"DJI Mavic 2 Pro";1064;"2023:05:30";"09:00:31";"2023:05:30";"10:33:01";12.97
"Bouamir";2023;6;5;"DJI Mavic 2 Pro";490;"2023:06:05";"14:06:50";"2023:06:05";"15:33:14";6.3
"Bouamir";2023;6;20;"DJI Mavic 2 Pro";574;"2023:06:20";"09:13:05";"2023:06:20";"11:01:19";7.08
"Bouamir";2023;7;6;"DJI Mavic 2 Pro";465;"2023:07:06";"09:04:09";"2023:07:06";"10:26:26";5.57
"Bouamir";2023;7;20;"DJI Mavic 2 Pro";510;"2023:07:20";"09:46:01";"2023:07:20";"11:08:51";6.22
"Bouamir";2023;8;5;"DJI Mavic 2 Pro";510;"2023:08:05";"14:12:05";"2023:08:05";"15:35:01";6.37
"Bouamir";2023;8;20;"DJI Mavic 2 Pro";509;"2023:08:20";"11:02:27";"2023:08:20";"12:25:36";6.62
"Bouamir";2023;9;5;"DJI Mavic 2 Pro";532;"2023:09:05";"10:16:43";"2023:09:05";"11:49:32";6.76
"Bouamir";2023;9;20;"DJI Mavic 2 Pro";509;"2023:09:20";"14:08:04";"2023:09:20";"15:29:47";6.72
"Bouamir";2023;10;5;"DJI Mavic 2 Pro";510;"2023:10:06";"10:03:08";"2023:10:06";"11:24:25";6.55
"Bouamir";2023;10;20;"DJI Mavic 2 Pro";531;"2023:10:20";"09:38:37";"2023:10:20";"11:01:20";6.77
"Bouamir";2023;11;5;"DJI Mavic 2 Pro";532;"2023:11:05";"10:39:42";"2023:11:05";"12:03:45";7
"Bouamir";2023;11;20;"DJI Mavic 2 Pro";532;"2023:11:20";"10:49:14";"2023:11:20";"12:09:32";6.94
"Bouamir";2023;12;5;"DJI Mavic 2 Pro";530;"2023:12:05";"09:52:39";"2023:12:05";"11:15:03";6.5
"Bouamir";2023;12;20;"DJI Mavic 2 Pro";532;"2023:12:20";"09:07:56";"2023:12:20";"10:29:01";5.73
"Bouamir";2024;1;5;"DJI Mavic 2 Pro";533;"2024:01:05";"10:23:10";"2024:01:05";"11:45:42";6.48
"Bouamir";2024;1;20;"DJI Mavic 2 Pro";425;"2024:01:20";"09:25:48";"2024:01:20";"10:46:46";4.79
"Bouamir";2024;2;5;"DJI Mavic 2 Pro";532;"2024:02:06";"09:09:16";"2024:02:06";"10:31:27";6.11
"Bouamir";2024;2;20;"DJI Mavic 2 Pro";532;"2024:02:20";"10:43:40";"2024:02:20";"12:04:42";5.65
"Bouamir";2024;3;5;"DJI Mavic 2 Pro";531;"2024:03:05";"14:07:04";"2024:03:05";"15:29:15";6.66
"Bouamir";2024;3;20;"DJI Mavic 2 Pro";531;"2024:03:20";"14:09:57";"2024:03:20";"15:32:18";6.32
"Bouamir";2024;4;5;"DJI Mavic 2 Pro";530;"2024:04:06";"09:39:05";"2024:04:06";"10:59:45";6.68
"Bouamir";2024;4;20;"DJI Mavic 2 Pro";530;"2024:04:20";"10:06:24";"2024:04:20";"11:53:23";7.06
"Bouamir";2024;5;5;"DJI Mavic 2 Pro";574;"2022:08:11";"14:28:52";"2022:08:11";"17:17:33";7.09
"Bouamir";2024;5;20;"DJI Mavic 2 Pro";520;"2024:05:21";"14:27:08";"2024:05:21";"16:48:21";4.13
"Bouamir";2024;6;5;"DJI Mavic 2 Pro";656;"2024:06:05";"15:19:34";"2024:06:05";"16:39:09";4.11
"Bouamir";2024;6;20;"DJI Mavic 2 Pro";532;"2024:06:21";"15:11:54";"2024:06:21";"17:29:52";1.78
"Bouamir";2024;7;5;"DJI Mavic 2 Pro";533;"2024:07:05";"12:59:59";"2024:07:05";"14:20:59";6.85
"Bouamir";2024;7;20;"DJI Mavic 2 Pro";531;"2024:07:22";"14:06:54";"2024:07:22";"15:27:44";6.69
"Bouamir";2024;8;5;"DJI Mavic 2 Pro";531;"2024:07:22";"14:06:54";"2024:07:22";"15:27:44";6.69
"Bouamir";2024;8;20;"DJI Mavic 2 Pro";476;"2022:08:23";"00:00:03";"2022:08:24";"23:59:58";5.46
"Bouamir";2024;9;5;"DJI Mavic 2 Pro";531;"2024:07:22";"14:06:54";"2024:07:22";"15:27:44";6.69
"Bouamir";2024;9;20;"DJI Mavic 2 Pro";407;"2022:09:15";"02:10:56";"2022:09:15";"03:16:04";5.14
"Bouamir";2024;10;5;"DJI Mavic 2 Pro";604;"2024:10:05";"09:51:21";"2024:10:05";"11:24:01";7.51
"Bouamir";2024;10;20;"DJI Mavic 2 Pro";530;"2024:10:20";"08:31:37";"2024:10:20";"09:59:17";6.44
"Bouamir";2024;11;5;"DJI Mavic 2 Pro";407;"2022:09:15";"02:10:56";"2022:09:15";"03:16:04";5.14
"Bouamir";2024;11;20;"DJI Mavic 2 Pro";476;"2022:08:23";"00:00:03";"2022:08:24";"23:59:58";5.46
"Bouamir";2024;12;5;"DJI Mavic 2 Pro";476;"2022:08:23";"00:00:03";"2022:08:24";"23:59:58";5.46
"Bouamir";2025;1;20;"DJI Mavic 2 Pro";475;"2025:01:25";"14:35:38";"2025:01:25";"16:04:34";5.55
"Bouamir";2025;2;5;"DJI Mavic 2 Pro";393;"2025:02:05";"09:21:32";"2025:02:05";"10:35:08";4.45
"Bouamir";2025;2;20;"DJI Mavic 2 Pro";299;"2025:02:20";"14:24:05";"2025:02:20";"15:19:45";3.27
"Bouamir";2025;3;5;"DJI Mavic 2 Pro";475;"2025:03:06";"09:59:07";"2025:03:06";"12:09:45";5.73
"Bouamir";2025;3;20;"DJI Mavic 2 Pro";499;"2025:03:20";"14:39:52";"2025:03:20";"17:45:08";5.69
"Bouamir";2025;4;5;"DJI Mavic 2 Pro";454;"2022:08:08";"10:03:40";"2022:08:08";"11:47:36";5.65
"Bouamir";2025;4;20;"DJI Mavic 2 Pro";499;"2025:03:20";"14:39:52";"2025:03:20";"17:45:08";5.69
"Bouamir";2025;5;5;"DJI Mavic 2 Pro";482;"2022:09:06";"15:05:50";"2022:09:06";"17:45:46";5.71
"Bouamir";2025;5;20;"DJI Mavic 2 Pro";802;"2025:05:22";"14:40:17";"2025:05:22";"16:38:52";9.04
"Bouamir";2025;6;5;"DJI Mavic 2 Pro";701;"2025:02:25";"19:32:43";"2025:02:25";"21:07:41";8.02
"Bouamir";2025;6;20;"DJI Mavic 2 Pro";615;"2025:06:20";"14:44:51";"2025:06:20";"17:01:15";6.96
"Bouamir";2025;7;5;"DJI Mavic 2 Pro";685;"2025:07:10";"16:14:59";"2025:07:10";"17:50:14";8.14
"Bouamir";2025;7;20;"DJI Mavic 2 Pro";618;"2025:07:19";"13:54:58";"2025:07:19";"15:20:29";7.93
"Bouamir";2025;8;5;"DJI Mavic 2 Pro";938;"2025:08:05";"15:46:42";"2025:08:05";"17:40:39";9.96
"Bouamir";2025;8;20;"DJI Mavic 2 Pro";775;"2025:08:21";"08:17:07";"2025:08:21";"10:51:29";9.85
"Bouamir";2025;9;5;"DJI Mavic 2 Pro";745;"2025:09:06";"09:05:33";"2025:09:06";"11:23:11";9.33
"Bouamir";2025;9;20;"DJI Mavic 2 Pro";457;"2025:09:20";"08:10:59";"2025:09:20";"11:08:20";5.94
"Bouamir";2025;10;5;"DJI Mavic 2 Pro";1330;"2025:10:04";"14:05:40";"2025:10:04";"16:50:03";16.01
"Bouamir";2025;10;20;"DJI Mavic 2 Pro";925;"2025:10:22";"11:40:12";"2025:10:22";"13:08:10";11.37
"Bouamir";2025;11;5;"DJI Mavic 2 Pro";962;"2025:11:05";"15:10:50";"2025:11:05";"17:06:47";10.79
"Bouamir";2025;11;20;"DJI Mavic 2 Pro";892;"2025:11:20";"11:25:31";"2025:11:20";"12:50:01";10.96
"Bouamir";2025;12;5;"DJI Mavic 2 Pro";955;"2025:12:05";"14:48:56";"2025:12:05";"16:16:45";11.28
"Bouamir";2025;12;20;"DJI Mavic 2 Pro";901;"2025:12:20";"13:41:59";"2025:12:20";"15:07:45";10.88
"Bouamir";2026;1;5;"DJI Mavic 2 Pro";946;"2026:01:06";"14:19:52";"2026:01:06";"15:51:47";11.53
"Bouamir";2026;1;20;"DJI Mavic 2 Pro";877;"2026:01:20";"11:51:53";"2026:01:20";"13:19:13";9.32
"Bouamir";2026;2;5;"DJI Mavic 2 Pro";937;"2026:02:06";"14:12:22";"2026:02:06";"15:48:33";11.64
"Bouamir";2026;2;20;"DJI Mavic 2 Pro";934;"2026:02:19";"15:05:16";"2026:02:19";"16:33:21";9.78
"Bouamir";2026;3;5;"DJI Mavic 2 Pro";950;"2026:03:06";"15:04:27";"2026:03:06";"16:35:32";10.7
"Bouamir";2026;3;25;"DJI Mavic 2 Pro";823;"2026:03:25";"08:46:37";"2026:03:25";"10:20:50";9.84
"Bouamir";2026;4;5;"DJI Mavic 2 Pro";940;"2025:02:25";"12:11:04";"2025:02:25";"13:43:29";10.22
"Loundoungou";2023;5;13;"DJI Mavic 2 Pro";254;"2023:05:13";"12:08:10";"2023:05:13";"12:46:49";3.35
"Loundoungou";2023;6;2;"DJI Mavic 2 Pro";355;"2023:06:02";"10:51:31";"2023:06:02";"12:34:35";4.73
"Loundoungou";2023;6;22;"DJI Mavic 2 Pro";480;"2023:06:22";"12:08:10";"2023:06:22";"13:33:31";5.99
"Loundoungou";2023;7;12;"DJI Mavic 2 Pro";480;"2023:07:12";"09:30:21";"2023:07:12";"10:53:11";5.89
"Loundoungou";2023;8;2;"DJI Mavic 2 Pro";568;"2023:08:02";"08:46:21";"2023:08:02";"12:21:45";7.01
"Loundoungou";2023;8;24;"DJI Mavic 2 Pro";335;"2023:08:24";"11:40:55";"2023:08:24";"13:55:22";3.94
"Loundoungou";2023;9;12;"DJI Mavic 2 Pro";466;"2023:09:12";"11:40:59";"2023:09:12";"13:04:38";5.39
"Loundoungou";2023;9;23;"DJI Mavic 2 Pro";490;"2023:09:27";"10:32:25";"2023:09:27";"11:53:36";5.72
"Loundoungou";2023;10;12;"DJI Mavic 2 Pro";473;"2023:10:12";"07:48:40";"2023:10:12";"15:25:31";5.12
"Loundoungou";2023;10;27;"DJI Mavic 2 Pro";356;"2023:10:27";"10:05:41";"2023:10:27";"13:22:23";4.15
"Loundoungou";2023;11;23;"DJI Mavic 2 Pro";397;"2023:11:23";"09:08:34";"2023:11:23";"10:28:06";4.26
"Loundoungou";2023;12;12;"DJI Mavic 2 Pro";340;"2023:12:12";"07:18:40";"2023:12:12";"08:39:59";3.05
"Loundoungou";2023;12;27;"DJI Mavic 2 Pro";356;"2023:12:27";"10:27:40";"2023:12:27";"14:23:54";3.35
"Loundoungou";2024;1;16;"DJI Mavic 2 Pro";357;"2024:01:16";"10:55:25";"2024:01:16";"12:12:27";3.48
"Loundoungou";2024;1;31;"DJI Mavic 2 Pro";365;"2024:01:31";"10:45:38";"2024:01:31";"12:03:01";3.08
"Loundoungou";2024;2;15;"DJI Mavic 2 Pro";411;"2024:02:15";"06:57:42";"2024:02:15";"11:38:47";3.53
"Loundoungou";2024;3;5;"DJI Mavic 2 Pro";361;"2024:03:05";"09:35:06";"2024:03:05";"11:11:03";3.45
"Loundoungou";2024;3;21;"DJI Mavic 2 Pro";171;"2024:03:21";"08:51:08";"2024:03:21";"09:36:01";1.27
"Loundoungou";2024;4;3;"DJI Mavic 2 Pro";428;"2024:04:03";"08:03:25";"2024:04:03";"11:15:28";3.6
"Loundoungou";2024;4;18;"DJI Mavic 2 Pro";361;"2024:04:18";"09:56:02";"2024:04:18";"11:26:03";3.31
"Loundoungou";2024;5;3;"DJI Mavic 2 Pro";360;"2024:05:03";"09:56:54";"2024:05:03";"11:23:27";3.22
"Loundoungou";2024;5;21;"DJI Mavic 2 Pro";357;"2024:05:21";"10:20:36";"2024:05:21";"11:37:59";2.97
"Loundoungou";2024;6;20;"DJI Mavic 2 Pro";387;"2024:06:20";"10:24:35";"2024:06:20";"11:44:00";4.5
"Loundoungou";2024;7;6;"DJI Mavic 2 Pro";415;"2024:05:21";"09:58:21";"2024:07:06";"11:34:24";4.92
"Loundoungou";2024;7;22;"DJI Mavic 2 Pro";204;"2024:07:22";"10:52:50";"2024:07:22";"13:52:25";2.49
"Loundoungou";2024;8;6;"DJI Mavic 2 Pro";353;"2024:08:06";"12:10:25";"2024:08:06";"14:15:35";4.19
"Loundoungou";2024;8;21;"DJI Mavic 2 Pro";281;"2024:08:21";"09:09:58";"2024:08:21";"10:10:32";3.42
"Loundoungou";2024;9;5;"DJI Mavic 2 Pro";381;"2024:09:05";"10:51:55";"2024:09:05";"12:12:15";4.75
"Loundoungou";2024;9;20;"DJI Mavic 2 Pro";349;"2024:09:20";"09:19:06";"2024:09:20";"11:50:19";4.19
"Loundoungou";2024;10;7;"DJI Mavic 2 Pro";87;"2024:10:04";"09:35:35";"2024:10:07";"14:41:03";0.96
"Loundoungou";2024;10;22;"DJI Mavic 2 Pro";428;"2024:10:22";"11:02:38";"2024:10:22";"15:18:14";5.65
"Loundoungou";2024;11;7;"DJI Mavic 2 Pro";465;"2024:11:07";"14:08:26";"2024:11:07";"15:43:32";5.94
"Loundoungou";2024;11;22;"DJI Mavic 2 Pro";460;"2024:11:22";"10:22:20";"2024:11:22";"11:44:02";5.38
"Loundoungou";2024;12;7;"DJI Mavic 2 Pro";447;"2024:12:07";"10:16:43";"2024:12:07";"12:08:48";5.7
"Loundoungou";2025;2;5;"DJI Mavic 2 Pro";457;"2025:02:05";"10:09:23";"2025:02:05";"11:28:35";5.87
"Loundoungou";2025;2;21;"DJI Mavic 2 Pro";461;"2025:02:21";"09:54:37";"2025:02:25";"10:54:02";5.97
"Loundoungou";2025;3;8;"DJI Mavic 2 Pro";286;"2025:03:08";"10:57:05";"2025:03:08";"11:53:11";3.24
"Loundoungou";2025;3;23;"DJI Mavic 2 Pro";473;"2025:03:23";"09:28:28";"2025:03:24";"10:25:03";6.38
"Loundoungou";2025;5;8;"DJI Mavic 2 Pro";469;"2025:05:08";"09:13:25";"2025:05:08";"10:33:08";6.26
"Loundoungou";2025;5;23;"DJI Mavic 2 Pro";472;"2025:05:23";"08:34:00";"2025:05:23";"09:51:38";6.31
"Loundoungou";2025;6;6;"DJI Mavic 2 Pro";472;"2025:06:06";"09:30:21";"2025:06:06";"10:45:42";6.52
"Loundoungou";2025;6;20;"DJI Mavic 2 Pro";499;"2025:06:20";"10:15:16";"2025:06:20";"11:59:51";6.3
"Loundoungou";2025;7;7;"DJI Mavic 2 Pro";438;"2025:07:07";"10:09:24";"2025:07:07";"11:22:05";5.75
"Loundoungou";2025;7;22;"DJI Mavic 2 Pro";459;"2025:07:22";"09:30:23";"2025:07:22";"10:47:14";5.67
"Loundoungou";2025;8;7;"DJI Mavic 2 Pro";416;"2025:08:07";"09:22:58";"2025:08:07";"10:38:45";5.43
"Loundoungou";2025;8;25;"DJI Mavic 2 Pro";525;"2025:08:25";"09:06:06";"2025:08:25";"10:50:36";6.6
"Loundoungou";2025;9;9;"DJI Mavic 2 Pro";524;"2025:09:09";"09:11:50";"2025:09:09";"10:54:25";6.6
"Loundoungou";2025;9;25;"DJI Mavic 2 Pro";520;"2025:09:25";"09:26:40";"2025:09:25";"12:18:32";6.47
"Loundoungou";2025;10;10;"DJI Mavic 2 Pro";512;"2025:10:10";"13:58:44";"2025:10:10";"16:03:55";5.74
"Loundoungou";2025;10;25;"DJI Mavic 2 Pro";519;"2025:10:25";"07:38:05";"2025:10:25";"10:42:29";5.58
"Loundoungou";2025;11;9;"DJI Mavic 2 Pro";497;"2025:11:09";"09:12:53";"2025:11:09";"10:50:57";5.51
"Loundoungou";2025;11;24;"DJI Mavic 2 Pro";520;"2025:11:24";"09:18:57";"2025:11:24";"11:00:57";5.75
"Loundoungou";2025;12;15;"DJI Mavic 2 Pro";509;"2025:12:15";"09:19:59";"2025:12:16";"16:06:47";5.53
"Loundoungou";2026;1;17;"DJI Mavic 2 Pro";520;"2026:01:17";"09:41:44";"2026:01:17";"11:38:44";5.45
"Loundoungou";2026;2;2;"DJI Mavic 2 Pro";565;"2026:02:02";"10:24:44";"2026:02:02";"12:40:53";5.77
"Loundoungou";2026;2;17;"DJI Mavic 2 Pro";536;"2026:02:17";"10:08:13";"2026:02:17";"12:11:06";5.58
"Loundoungou";2026;3;4;"DJI Mavic 2 Pro";537;"2026:03:04";"10:00:54";"2026:03:04";"12:02:41";6.13
"Luki";2023;4;21;"DJI Mavic 2 Pro";944;"2023:04:21";"10:25:47";"2023:04:21";"16:04:02";11.15
"Luki";2023;5;4;"DJI Mavic 2 Pro";981;"2023:05:03";"11:12:32";"2023:05:04";"13:13:26";12.27
"Luki";2023;5;18;"DJI Mavic 2 Pro";981;"2023:05:17";"12:03:33";"2023:05:18";"13:48:36";11.29
"Luki";2023;6;3;"DJI Mavic 2 Pro";974;"2023:06:02";"12:47:15";"2023:06:03";"17:32:47";9.65
"Luki";2023;6;16;"DJI Mavic 2 Pro";983;"2023:06:15";"13:34:23";"2023:06:16";"16:19:52";10.82
"Luki";2023;6;29;"DJI Mavic 2 Pro";981;"2023:06:28";"11:26:15";"2023:06:29";"16:30:24";10.88
"Luki";2023;7;31;"DJI Mavic 2 Pro";982;"2023:07:27";"15:00:45";"2023:07:31";"16:54:52";9.77
"Luki";2023;8;11;"DJI Mavic 2 Pro";979;"2023:08:10";"10:51:09";"2023:08:11";"14:49:17";11.64
"Luki";2023;8;26;"DJI Mavic 2 Pro";980;"2023:08:25";"15:41:02";"2023:08:26";"17:38:13";9.97
"Luki";2023;9;13;"DJI Mavic 2 Pro";846;"2023:09:06";"13:39:30";"2023:09:13";"15:22:50";9.93
"Luki";2023;11;1;"DJI Mavic 2 Pro";983;"2023:11:01";"09:31:04";"2023:11:15";"16:22:02";12.26
"Luki";2024;6;24;"Dji Mini 2";970;"2024:06:19";"10:24:32";"2024:06:24";"13:51:20";10.43
"Luki";2024;7;4;"Dji Mini 2";971;"2024:07:03";"08:11:28";"2024:07:04";"11:44:42";10.48
"Luki";2024;7;18;"Dji Mini 2";979;"2024:07:17";"09:10:54";"2024:07:18";"12:21:26";11.14
"Luki";2024;8;1;"Dji Mini 2";980;"2024:07:31";"08:46:39";"2024:08:01";"12:40:22";11.43
"Luki";2024;8;28;"Dji Mini 2";876;"2024:08:28";"10:14:53";"2024:08:30";"13:10:19";9.67
"Luki";2024;9;25;"Dji Mini 2";517;"2024:09:25";"13:27:52";"2024:09:25";"14:36:28";5.58
"Luki";2024;10;10;"Dji Mini 2";881;"2024:10:09";"08:09:01";"2024:10:10";"13:44:37";10.28
"Luki";2024;12;4;"Dji Mini 2";722;"2024:12:04";"05:45:30";"2024:12:06";"15:13:15";7.68
"Luki";2025;1;30;"Dji Mini 2";633;"2025:01:16";"05:52:59";"2025:01:31";"14:24:55";7.11
"Luki";2025;2;13;"Dji Mini 2";428;"2025:02:13";"10:17:09";"2025:02:14";"11:51:30";5.36
"Luki";2025;2;25;"Dji Mini 2";998;"2025:02:14";"09:13:08";"2025:02:28";"15:16:01";11.81
"Luki";2025;3;25;"Dji Mini 2";375;"2025:03:27";"08:04:40";"2025:03:27";"08:48:03";4.51
"Luki";2025;4;28;"DJI Mavic 2 Pro";1644;"2025:04:28";"13:16:56";"2025:04:29";"16:24:17";14.06
"Mbalmayo";2022;7;30;"DJI Mavic 2 Pro";517;"2022:07:30";"10:07:43";"2022:07:30";"10:43:53";5.79
"Mbalmayo";2022;8;16;"DJI Mavic 2 Pro";990;"2022:08:16";"14:37:01";"2022:08:16";"17:03:37";10.79
"Mbalmayo";2022;8;30;"DJI Mavic 2 Pro";1075;"2022:08:30";"13:38:37";"2022:08:30";"15:02:22";13.76
"Mbalmayo";2022;9;17;"DJI Mavic 2 Pro";968;"2018:08:07";"14:40:53";"2022:09:17";"17:26:18";11.4
"Mbalmayo";2022;10;8;"DJI Mavic 2 Pro";468;"2022:10:08";"15:21:13";"2022:10:08";"16:19:26";5.61
"Mbalmayo";2022;10;24;"DJI Mavic 2 Pro";471;"2022:10:24";"13:58:36";"2022:10:24";"14:58:37";6.65
"Mbalmayo";2022;11;8;"DJI Mavic 2 Pro";471;"2022:11:08";"14:22:30";"2022:11:08";"15:20:37";5.85
"Mbalmayo";2022;11;25;"DJI Mavic 2 Pro";628;"2022:11:25";"14:37:47";"2022:11:25";"16:04:09";7.15
"Mbalmayo";2022;12;8;"DJI Mavic 2 Pro";500;"2022:12:08";"14:54:44";"2022:12:08";"16:12:25";5.96
"Mbalmayo";2022;12;23;"DJI Mavic 2 Pro";605;"2022:12:23";"14:37:41";"2022:12:23";"16:05:32";7.03
"Mbalmayo";2023;1;9;"DJI Mavic 2 Pro";445;"2023:01:09";"14:19:36";"2023:01:09";"15:20:16";5.12
"Mbalmayo";2023;1;24;"DJI Mavic 2 Pro";471;"2023:01:24";"14:24:01";"2023:01:24";"15:36:47";5.37
"Mbalmayo";2023;2;8;"DJI Mavic 2 Pro";471;"2023:02:08";"14:03:56";"2023:02:08";"15:20:33";5.22
"Mbalmayo";2023;2;23;"DJI Mavic 2 Pro";490;"2023:02:23";"14:38:17";"2023:02:23";"16:23:57";4.4
"Mbalmayo";2023;3;12;"DJI Mavic 2 Pro";471;"2023:03:11";"14:31:58";"2023:03:11";"15:49:42";5.43
"Mbalmayo";2023;3;27;"DJI Mavic 2 Pro";501;"2023:03:27";"15:12:22";"2023:03:27";"17:38:45";5.34
"Mbalmayo";2023;4;12;"DJI Mavic 2 Pro";471;"2023:04:12";"14:40:13";"2023:04:12";"16:18:01";5.69
"Mbalmayo";2023;4;27;"DJI Mavic 2 Pro";471;"2023:04:27";"14:37:29";"2023:04:27";"15:47:53";6.05
"Mbalmayo";2023;5;12;"DJI Mavic 2 Pro";471;"2023:05:12";"13:59:25";"2023:05:12";"15:11:34";6.12
"Mbalmayo";2023;5;27;"DJI Mavic 2 Pro";471;"2023:05:27";"14:31:47";"2023:05:27";"15:40:14";6.1
"Mbalmayo";2023;6;12;"DJI Mavic 2 Pro";471;"2023:06:12";"14:01:13";"2023:06:12";"15:01:31";5.97
"Mbalmayo";2023;6;27;"DJI Mavic 2 Pro";471;"2023:06:27";"15:32:50";"2023:06:27";"16:34:08";6.03
"Mbalmayo";2023;7;12;"DJI Mavic 2 Pro";471;"2023:07:12";"14:09:27";"2023:07:12";"15:08:16";5.99
"Mbalmayo";2023;7;27;"DJI Mavic 2 Pro";471;"2023:07:27";"14:57:35";"2023:07:27";"16:00:43";6.15
"Mbalmayo";2023;8;11;"DJI Mavic 2 Pro";473;"2023:08:11";"14:03:17";"2023:08:11";"15:12:33";5.9
"Mbalmayo";2023;8;26;"DJI Mavic 2 Pro";630;"2023:08:26";"14:14:49";"2023:08:26";"15:40:56";8.58
"Mbalmayo";2023;9;11;"DJI Mavic 2 Pro";473;"2023:09:11";"14:01:21";"2023:09:11";"15:33:55";5.4
"Mbalmayo";2023;9;26;"DJI Mavic 2 Pro";473;"2023:09:26";"14:01:33";"2023:09:26";"15:01:09";5.43
"Mbalmayo";2023;10;11;"DJI Mavic 2 Pro";558;"2023:10:11";"14:13:03";"2023:10:11";"16:09:08";5.63
"Mbalmayo";2023;10;26;"DJI Mavic 2 Pro";472;"2023:10:26";"14:19:56";"2023:10:26";"15:18:09";5.47
"Mbalmayo";2023;11;11;"DJI Mavic 2 Pro";477;"2023:11:11";"14:30:31";"2023:11:11";"15:27:47";5.13
"Mbalmayo";2023;11;26;"DJI Mavic 2 Pro";603;"2023:11:26";"15:29:40";"2023:11:26";"17:01:33";6.48
"Mbalmayo";2023;12;12;"DJI Mavic 2 Pro";473;"2023:12:12";"14:02:50";"2023:12:12";"15:14:08";5.45
"Mbalmayo";2023;12;27;"DJI Mavic 2 Pro";594;"2023:12:27";"14:00:24";"2023:12:27";"15:22:39";6.42
"Mbalmayo";2024;1;11;"DJI Mavic 2 Pro";472;"2024:01:11";"14:06:15";"2024:01:11";"15:13:30";5.2
"Mbalmayo";2024;1;26;"DJI Mavic 2 Pro";473;"2024:01:26";"14:03:40";"2024:01:26";"15:11:22";4.85
"Mbalmayo";2024;2;12;"DJI Mavic 2 Pro";601;"2024:02:12";"14:06:30";"2024:02:12";"15:27:28";6.25
"Mbalmayo";2024;2;27;"DJI Mavic 2 Pro";446;"2024:02:27";"14:04:32";"2024:02:27";"15:07:35";4.55
"Mbalmayo";2024;3;13;"DJI Mavic 2 Pro";501;"2024:03:13";"14:00:26";"2024:03:13";"15:18:43";5
"Mbalmayo";2024;3;28;"DJI Mavic 2 Pro";473;"2024:03:28";"14:01:59";"2024:03:28";"15:07:35";5.07
"Mbalmayo";2024;4;13;"DJI Mavic 2 Pro";423;"2024:04:13";"15:30:42";"2024:04:13";"16:52:22";4.67
"Mbalmayo";2024;4;27;"DJI Mavic 2 Pro";473;"2024:04:27";"14:25:00";"2024:04:27";"15:23:33";5.49
"Mbalmayo";2024;5;13;"DJI Mavic 2 Pro";471;"2024:05:13";"14:37:16";"2024:05:13";"15:38:25";5.48
"Mbalmayo";2024;5;27;"DJI Mavic 2 Pro";472;"2024:05:27";"14:36:34";"2024:05:27";"15:36:35";5.43
"Mbalmayo";2024;6;13;"DJI Mavic 2 Pro";473;"2024:06:12";"14:50:25";"2024:06:12";"15:51:12";5.07
"Mbalmayo";2024;6;27;"DJI Mavic 2 Pro";377;"2024:06:27";"14:26:58";"2024:06:27";"17:09:04";4.06
"Mbalmayo";2024;7;12;"DJI Mavic 2 Pro";402;"2024:07:12";"14:58:48";"2024:07:12";"15:52:38";4.3
"Mbalmayo";2024;7;27;"DJI Mavic 2 Pro";475;"2024:07:27";"14:23:01";"2024:07:27";"15:22:43";5.48
"Mbalmayo";2024;8;12;"DJI Mavic 2 Pro";473;"2024:08:12";"14:43:49";"2024:08:12";"15:45:59";5.54
"Mbalmayo";2024;8;27;"DJI Mavic 2 Pro";471;"2024:08:27";"14:06:01";"2024:08:27";"15:07:31";5.21
"Mbalmayo";2024;9;12;"DJI Mavic 2 Pro";472;"2024:09:12";"14:02:05";"2024:09:12";"15:01:07";5.33
"Mbalmayo";2024;9;28;"DJI Mavic 2 Pro";602;"2024:09:28";"14:10:52";"2024:09:28";"15:38:01";7.13
"Mbalmayo";2024;10;14;"DJI Mavic 2 Pro";473;"2024:10:14";"14:13:22";"2024:10:14";"15:17:36";5.51
"Mbalmayo";2024;10;28;"DJI Mavic 2 Pro";473;"2024:10:28";"14:26:24";"2024:10:28";"15:30:26";5.25
"Mbalmayo";2024;11;12;"DJI Mavic 2 Pro";473;"2024:11:12";"15:21:30";"2024:11:12";"16:26:42";5.18
"Mbalmayo";2024;11;27;"DJI Mavic 2 Pro";476;"2024:11:27";"15:13:52";"2024:11:27";"16:38:05";5.29
"Mbalmayo";2024;12;12;"DJI Mavic 2 Pro";473;"2024:12:12";"14:45:11";"2024:12:12";"16:00:05";5.08
"Mbalmayo";2024;12;27;"DJI Mavic 2 Pro";473;"2024:12:27";"14:03:37";"2024:12:27";"15:18:40";4.95
"Mbalmayo";2025;1;12;"DJI Mavic 2 Pro";472;"2025:01:12";"15:49:42";"2025:01:12";"16:52:08";4.66
"Mbalmayo";2025;1;27;"DJI Mavic 2 Pro";474;"2025:01:27";"14:35:42";"2025:01:27";"15:37:37";5.11
"Mbalmayo";2025;2;13;"DJI Mavic 2 Pro";473;"2025:02:13";"14:02:46";"2025:02:13";"15:05:34";4.79
"Mbalmayo";2025;2;27;"DJI Mavic 2 Pro";472;"2025:02:27";"14:02:04";"2025:02:27";"15:11:33";5.03
"Mbalmayo";2025;3;14;"DJI Mavic 2 Pro";472;"2025:03:14";"14:41:17";"2025:03:14";"15:42:20";4.91
"Mbalmayo";2025;3;29;"DJI Mavic 2 Pro";472;"2025:03:29";"13:58:23";"2025:03:29";"15:02:10";4.94
"Mbalmayo";2025;4;13;"DJI Mavic 2 Pro";473;"2025:04:13";"14:10:32";"2025:04:13";"15:18:44";5.59
"Mbalmayo";2025;4;27;"DJI Mavic 2 Pro";475;"2025:04:27";"17:11:46";"2025:04:27";"18:17:49";4.62
"Mbalmayo";2025;5;12;"DJI Mavic 2 Pro";474;"2025:05:12";"14:07:53";"2025:05:12";"15:10:31";5.57
"Mbalmayo";2025;5;27;"DJI Mavic 2 Pro";460;"2025:05:27";"14:01:19";"2025:05:27";"15:40:44";5.23
"Mbalmayo";2025;6;12;"DJI Mavic 2 Pro";476;"2025:06:12";"14:47:38";"2025:06:12";"16:06:26";5.19
"Mbalmayo";2025;6;27;"DJI Mavic 2 Pro";526;"2025:06:27";"14:01:40";"2025:06:27";"15:48:38";6.46
"Mbalmayo";2025;7;12;"DJI Mavic 2 Pro";478;"2025:07:12";"14:21:05";"2025:07:12";"15:47:51";5.29
"Mbalmayo";2025;7;27;"DJI Mavic 2 Pro";478;"2025:07:27";"13:50:38";"2025:07:27";"14:55:57";5.08
"Mbalmayo";2025;8;13;"DJI Mavic 2 Pro";636;"2025:08:13";"14:28:49";"2025:08:13";"18:11:43";7.91
"Mbalmayo";2025;8;27;"DJI Mavic 2 Pro";562;"2025:08:27";"13:12:45";"2025:08:27";"14:55:29";6.8
"Mbalmayo";2025;9;12;"DJI Mavic 2 Pro";1088;"2025:09:12";"15:02:20";"2025:09:12";"17:09:35";12.35
"Mbalmayo";2025;9;27;"DJI Mavic 2 Pro";498;"2025:09:27";"13:43:06";"2025:09:27";"15:20:34";6.28
"Mbalmayo";2025;10;10;"DJI Mavic 2 Pro";532;"2025:10:10";"15:54:39";"2025:10:10";"17:02:27";6.01
"Mbalmayo";2025;10;25;"DJI Mavic 2 Pro";524;"2025:10:25";"11:13:09";"2025:10:25";"12:06:24";6.54
"Mbalmayo";2025;11;12;"DJI Mavic 2 Pro";533;"2025:11:12";"14:03:16";"2025:11:12";"14:54:17";6.24
"Mbalmayo";2025;11;24;"DJI Mavic 2 Pro";535;"2025:11:24";"13:59:45";"2025:11:24";"14:49:52";6.65
"Mbalmayo";2025;12;14;"DJI Mavic 2 Pro";532;"2025:12:14";"14:04:12";"2025:12:14";"14:48:29";6.12
"Mbalmayo";2025;12;27;"DJI Mavic 2 Pro";566;"2025:12:27";"10:57:29";"2025:12:27";"11:53:49";7.02
"Yangambi";2023;10;27;"DJI Mavic 2 Pro";336;"2023:10:27";"12:03:27";"2023:10:27";"12:57:24";3.73
"Yangambi";2023;11;24;"DJI Mavic 2 Pro";361;"2023:11:24";"12:51:10";"2023:11:24";"13:51:25";3.53
"Yangambi";2023;12;8;"DJI Mavic 2 Pro";361;"2023:12:08";"11:06:43";"2023:12:08";"12:27:24";4.16
"Yangambi";2023;12;22;"DJI Mavic 2 Pro";360;"2023:12:22";"12:31:41";"2023:12:22";"13:26:37";3.91
"Yangambi";2024;1;5;"DJI Mavic 2 Pro";360;"2024:01:05";"14:59:58";"2024:01:05";"17:05:49";3.57
"Yangambi";2024;1;19;"DJI Mavic 2 Pro";360;"2024:01:19";"14:45:34";"2024:01:19";"16:31:45";3.56
"Yangambi";2024;2;2;"DJI Mavic 2 Pro";360;"2024:02:02";"12:10:32";"2024:02:02";"13:59:18";4.1
"Yangambi";2024;2;16;"DJI Mavic 2 Pro";363;"2024:02:16";"09:31:46";"2024:02:16";"11:29:45";3.91
"Yangambi";2024;3;1;"DJI Mavic 2 Pro";360;"2024:03:01";"14:12:29";"2024:03:01";"15:30:42";3.98
"Yangambi";2024;3;15;"DJI Mavic 2 Pro";360;"2024:03:15";"13:44:44";"2024:03:15";"15:31:04";3.4
"Yangambi";2024;3;29;"DJI Mavic 2 Pro";360;"2024:03:29";"10:20:38";"2024:03:29";"11:58:34";4.17
"Yangambi";2024;4;12;"DJI Mavic 2 Pro";360;"2024:04:12";"12:54:05";"2024:04:12";"14:52:26";4.1
"Yangambi";2024;4;26;"DJI Mavic 2 Pro";364;"2024:04:26";"12:51:10";"2024:04:26";"13:46:39";4.09
"Yangambi";2024;5;10;"DJI Mavic 2 Pro";593;"2024:05:10";"11:00:26";"2024:05:10";"13:36:53";4.09
"Yangambi";2024;5;24;"DJI Mavic 2 Pro";487;"2024:05:10";"10:41:10";"2024:05:24";"14:48:33";5.56
"Yangambi";2024;6;7;"DJI Mavic 2 Pro";361;"2024:06:07";"11:56:27";"2024:06:07";"13:08:24";4.24
"Yangambi";2024;6;21;"DJI Mavic 2 Pro";358;"2024:06:21";"13:51:12";"2024:06:21";"14:44:32";3.76
"Yangambi";2024;7;5;"DJI Mavic 2 Pro";360;"2024:07:05";"11:26:16";"2024:07:05";"13:52:55";2.73
"Yangambi";2024;7;19;"DJI Mavic 2 Pro";360;"2024:07:19";"13:44:56";"2024:07:19";"14:37:39";3.46
"Yangambi";2024;8;3;"DJI Mavic 2 Pro";362;"2024:08:03";"13:45:47";"2024:08:03";"14:38:31";2.8
"Yangambi";2024;8;16;"DJI Mavic 2 Pro";363;"2024:08:16";"10:38:03";"2024:08:16";"11:54:28";4.03
"Yangambi";2024;9;13;"DJI Mavic 2 Pro";360;"2024:09:13";"14:04:28";"2024:09:13";"15:54:32";3.99
"Yangambi";2024;9;26;"DJI Mavic 2 Pro";360;"2024:09:26";"11:51:52";"2024:09:26";"13:40:07";4.16
"Yangambi";2024;10;11;"DJI Mavic 2 Pro";360;"2024:10:11";"10:22:34";"2024:10:11";"11:20:27";4.13
"Yangambi";2024;10;25;"DJI Mavic 2 Pro";360;"2024:10:25";"09:49:00";"2024:10:25";"10:50:50";4.15
"Yangambi";2024;11;8;"DJI Mavic 2 Pro";364;"2024:11:08";"12:04:09";"2024:11:08";"13:08:04";4.09
